Material	SAE	DIN	WNR	KC 1.1 [Mpas]	KC 1.1 [Kpsi]	MC
1006 	1006 	St37 	1.0037 	1350 	196 	0.21
1008 	1008 	St12 	1.0201 	1350 	196 	0.21
1010 	1010 	Ck10 	1.1121 	1350 	196 	0.21
1015 	1015 	C15 	1.0401 	1350 	196 	0.21
1020 	1020 	C22 	1.0402 	1350 	196 	0.21
1022 	1022 	GS.20Mn5 	1.1133 	1350 	196 	0.21
1025 	1025 	Ck25 	1.1158 	1350 	196 	0.21
1035 	1035 	C35 	1.0501 	1500 	218 	0.22
1035 	1035 	Ck35 	1.1183 	1500 	218 	0.22
1039 	1039 	40Mn4 	1.1157 	1500 	218 	0.22
1040 	1040 	C40 	1.0511 	1500 	218 	0.22
1043 				1500 	218 	0.22
1045 	1045 	C45 	1.0503 	1500 	218 	0.22
1049 	1049 	Cm45 	1.1201 	1500 	218 	0.22
1049 	1049/1050 	Ck50 	1.1206 	1500 	218 	0.22
1050 	1050 	Cf53 	1.1213 	1500 	218 	0.22
1050 		Al99,5 	3.0255 	700 	102 	0.25
1055 	1055 	Ck55 	1.1203 	1700 	247 	0.24
105WC13 	O1 	105WCr6 	1.2510 	2450 	355 	0.23
1060 	1060 	C60 	1.0601 	1700 	247 	0.24
1070 	1070 	Ck67 	1.1231 	1700 	247 	0.24
1070 		Al99,7 	3.0275 	700 	102 	0.25
1080 		Al99,8 	3.0128 	700 	102 	0.25
1080 	1080 	Ck75 	1.1248 	1700 	247 	0.24
1086 	1086 	Ck85 	1.1269 	1700 	247 	0.24
1095 	1095 	Ck101 	1.1274 	1700 	247 	0.24
10PbF2 		10SPb20 	1.0722 	1350 	196 	0.21
1100 				700 	102 	0.25
1108 	1108 	10S20 	1.0721 	1675 	243 	0.24
1112 	1112 	10S20 	1.0721 	1675 	243 	0.24
1140 	1140 	35S20 	1.0726 	1675 	243 	0.24
1144 	1144 	44SMn28 	1.0762 	1675 	243 	0.24
1151 	1151 	45S20 	1.0727 	1675 	243 	0.24
120WV10 		120WV4 	1.2516 	2450 	355 	0.23
1213 	1213 	9SMn28 	1.0715 	1675 	243 	0.24
1215 	1215 	9SMn36 	1.0736 	1675 	243 	0.24
12CD4 	A38712-2 	15CrMo5 	1.7262 	1775 	257 	0.24
12L13 	12L13 	9SMnPb28 	1.0718 	1675 	243 	0.24
12L14 	12L14 	9SMnPb36 	1.0737 	1675 	243 	0.24
13-8PH 				2150 	312 	0.20
1330 	1330 	28Mn6 	1.1170 	1500 	218 	0.22
1335 	1335 	36Mn5 	1.1167 	1500 	218 	0.22
15-5PH 	15-5 	X4CrNiCuNb16.4 	1.4540 	2150 	312 	0.20
15-7PH 		X7CrNiMoAl15.7 	1.4532 	2150 	312 	0.20
17-4PH 	630 	X5CrNiCuNb16-4 	1.4542 	2150 	312 	0.20
17-7PH 	177PH 	X7CrNiAl17.7 	1.4568/1.4504 	2150 	312 	0.20
18NCD6 		17CrNiMo6 	1.6587 	1775 	257 	0.24
2011 	2011 	AlCuBiPb 	3.1655 	800 	116 	0.25
2014 	2017 	AlCuSiMn 	3.1255 	800 	116 	0.25
2017 	2017 	AlCuMg1 	3.1325 	800 	116 	0.25
201LN 				2150 	312 	0.20
202 	202 	X3CrMnNiN18-8-7 	1.4371 	2150 	312 	0.20
2024 	2024 	AlCuMg2 	3.1355 	800 	116 	0.25
2050 				750 	109 	0.25
2090 				750 	109 	0.25
2091 				750 	109 	0.25
2094 				750 	109 	0.25
2095 				750 	109 	0.25
2097 				750 	109 	0.25
2098 				750 	109 	0.25
2099 				750 	109 	0.25
20AP 				1500 	218 	0.22
20CB-3 	ASTM B463 			2600 	377 	0.24
20MC5 		16MnSCr5 	1.7139 	1775 	257 	0.24
21-6-9 	ASTM A666 			3100 	450 	0.24
2117 	2117 			800 	116 	0.25
215 				2150 	312 	0.20
2195 	2195 			800 	116 	0.25
2196 				750 	109 	0.25
2197 				750 	109 	0.25
2198 				750 	109 	0.25
2199 				750 	109 	0.25
2218 	2218 	AlCuMgNi2 		800 	116 	0.25
2224 	2224 			800 	116 	0.25
2297 				750 	109 	0.25
22CMSD4 				1500 	218 	0.22
2397 				750 	109 	0.25
2515 	2515 	12Ni19 	1.5680 	1775 	257 	0.24
284 				2150 	312 	0.20
3003 	3003 	AlMnCu 	3.0517 	800 	116 	0.25
3004 	3004 	AlMn1Mg1 	3.0526 	800 	116 	0.25
3005 	3005 	AlMn1Mg0.5 	3.0525 	800 	116 	0.25
301 	301 	X12CrNi17-7 	1.4310 	2150 	312 	0.20
302 	302 	X12CrNi18-9 	1.4319 	2150 	312 	0.20
303 	303 	X8CrNiS18-9 	1.4305 	2150 	312 	0.20
304 	304 	X5CrNi18-9 	1.4350 	2150 	312 	0.20
304 L 	304L 		1.4306 	2150 	312 	0.20
304 LN 	304LN 	X2CrNiN18-10 	1.4311 	2150 	312 	0.20
305 	305 	X8CrNi18-12 	1.4312 	2150 	312 	0.20
309 	309 	X15CrNiSi20-12 	1.4828 	2150 	312 	0.20
309 S 	309 S 	X7CrNi23-14 	1.4833 	2150 	312 	0.20
30CD12 		32CrMo12 	1.8515 	1775 	257 	0.24
310 S 	310S 	X12CrNi25-20 	1.4845 	2150 	312 	0.20
3103 	3103 	AlMn1 	3.0515 	800 	116 	0.25
3105 	3105 			800 	116 	0.25
311 				2150 	312 	0.20
3115 	3115 	15CrNi6 	1.5919 	1775 	257 	0.24
3135 	3135 	36NiCr6 	1.5710 	1500 	218 	0.22
314 	30314 	X15CrNiSi25-20 	1.4841 	2150 	312 	0.20
315 				2150 	312 	0.20
316 	316 	X5CrNiMo17-13-3 	1.4401 	2150 	312 	0.20
316 L 	316L 	X2CrNiMo18-12 	1.4404 	2150 	312 	0.20
316 LN 	316LN 	X2CrNiMoN18-13 	1.4429 	2150 	312 	0.20
316 LXN 		X2CrNiMoN17-13-3 	1.4429 	2150 	312 	0.20
316 Ti 	316Ti 	X8CrNiMoTi17-12-2 	1.4571 	2150 	312 	0.20
316L (S+Cu) 		X2CrNiMo17-12-2+S+Cu 		2150 	312 	0.20
316L Decolletage 		X2CrNiMo17-12-2 improved 		2150 	312 	0.20
317 	317 	X5CrNiMo17-13 	1.4449 	2150 	312 	0.20
317 L 	317L 	X2CrNiMo18-16 	1.4438 	2150 	312 	0.20
318 	318 	X10CrNiMoNb18-12 	1.4583 	2150 	312 	0.20
320 				2150 	312 	0.20
321 	321 	X10CrNiTi18-9 	1.4541 	2150 	312 	0.20
321 H 		X8CrNiTi18-10 		2150 	312 	0.20
325 				2150 	312 	0.20
326 				2150 	312 	0.20
329 	329 	X8CrNiMo27-5 	1.4460 	2150 	312 	0.20
330 	330 	X12NiCrSi36-16 	1.4864 	2150 	312 	0.20
331 				2150 	312 	0.20
332 				2150 	312 	0.20
334 	70334 	X8CrNiAlTi20-20 		2150 	312 	0.20
3415 	3415 	14NiCr10 	1.5732 	1500 	218 	0.22
3415 	3415 	14NiCr14 	1.5752 	1775 	257 	0.24
347 	347 	X10CrNiNb18-9 	1.4550 	2150 	312 	0.20
348 		X5CrNiNb18-10 	1.4546 	2150 	312 	0.20
35NCD14 				1500 	218 	0.22
38C2 		38Cr2 	1.7003 	1775 	257 	0.24
394 				2150 	312 	0.20
403 	403 	X7Cr13 	1.4000 	1875 	272 	0.21
4032 	4032 			800 	116 	0.25
403Cb 	403Cb 			1875 	272 	0.21
403Cb+ 		X19CrMoVNb11-1 	1.4914 	1875 	272 	0.21
405 	405 	X10CrAl13 	1.4724 	1875 	272 	0.21
409 	409 	X6CrTi12 	1.4510 	1875 	272 	0.21
409 Cb 				1875 	272 	0.21
409 HP 				1875 	272 	0.21
40CMD8 		40CrMnMo7 	1.2311 	2450 	355 	0.23
40CrMnNiMo8 		40CrMnNiMo8 	1.2738 	1775 	257 	0.24
410 	410 	X10Cr13 	1.4006 	1875 	272 	0.21
410S 				1875 	272 	0.21
4130 	4130 	25CrMo4 	1.7218 	1775 	257 	0.24
4137 	4137 	34CrMo4 	1.7220 	1775 	257 	0.24
4140 	4140 	42CrMo4 	1.7225 	1775 	257 	0.24
4142 	4142 	41CrMo4 	1.7223 	1775 	257 	0.24
4150 	4150 	50CrMo4 	1.7228 	1775 	257 	0.24
416 	41600 	X12CrS13 	1.4005 	1875 	272 	0.21
420 	420 	X20Cr13 	1.4021 	1875 	272 	0.21
420F 	420F 	X30Cr13 	1.4028 	1875 	272 	0.21
425 				1875 	272 	0.21
429 	429 			1875 	272 	0.21
430 	430 	X8Cr17 	1.4016 	1875 	272 	0.21
430F 	430F 	X12CrMoS17 	1.4104 	1875 	272 	0.21
431 	431 	X22CrNi17 	1.4057 	1875 	272 	0.21
431 (HT) 	431 	X17CrNi16-2 	1.4057 	4600 	667 	0.25
433 				1875 	272 	0.21
434 	434 	X6CrMo17 	1.4113 	1875 	272 	0.21
4340 	4340 	35CrNiMo6 	1.6582 	1775 	257 	0.24
436S 				1875 	272 	0.21
439 HP 				1875 	272 	0.21
440A 	440A 	X70CrMo15 	1.4109 	1875 	272 	0.21
440C 	440C 	X105CrMo17 	1.4125 	1875 	272 	0.21
441 				1875 	272 	0.21
441 HP 				1875 	272 	0.21
4419 	4419 	22Mo4 	1.5419 	1775 	257 	0.24
444 	444 		1.4521 	1875 	272 	0.21
446 	446 	X10CrAl24 	1.4762 	1875 	272 	0.21
452 				1875 	272 	0.21
4520 	4520 			1775 	257 	0.24
455 	5617 			2150 	312 	0.20
45NCD17 	6F7 	X45NiCrMo4 	1.2767 	2450 	355 	0.23
500 				4600 	667 	0.25
5005 	5005 	AlMg1 	3.3315 	800 	116 	0.25
5015 	5015 	15Cr3 	1.7015 	1775 	257 	0.24
5045 	5045 	46Cr2 	1.7006 	1775 	257 	0.24
5052 	5052 	AlMg2,5 	3.3523 	800 	116 	0.25
5056 	5056 	AlMg5 	3.3555 	800 	116 	0.25
5083 	5083 	ASlMg4,5Mn 	3.3547 	800 	116 	0.25
5086 	5086 	AlMg4Mn 	3.3545 	800 	116 	0.25
5115 	5115 	16MnCr5 	1.7131 	1775 	257 	0.24
5120 	5120 	St52-3 	1.0841 	1775 	257 	0.24
5130 	5130 	28Cr4 	1.7030 	1775 	257 	0.24
5132 	5132 	34Cr4 	1.7033 	1775 	257 	0.24
5135 	5135 	37Cr4 	1.7034 	1775 	257 	0.24
5140 	5140 	41Cr4 	1.7035 	1775 	257 	0.24
5140 	5140 	41Cr4 	1.7035 	1775 	257 	0.24
5154 	5154 	AlMg3,5 	3.3535 	800 	116 	0.25
5155 	5155 	55Cr3 	1.7176 	1775 	257 	0.24
521 				4600 	667 	0.25
52100 	52100 	100Cr6 	1.3505 	1775 	257 	0.24
5251 	5251 	AlMg2Mo3 	3.3525 	800 	116 	0.25
5454 	5454 	AlMg2,5Mn 	3.3537 	800 	116 	0.25
55MnSi4-4 				1775 	257 	0.24
55NCDV6 		54NiCrMoV6 	1.2711 	1700 	247 	0.24
55W1 				1775 	257 	0.24
5657 	5657 	AlMg0,8Si 		800 	116 	0.25
5754 	5754 	AlMg3 	3.3535 	800 	116 	0.25
57NiCrMoV77 		57NiCrMoV77 	1.2744 	1700 	247 	0.24
600 				4700 	682 	0.25
6061 	6061 	AlMgSiCu 	3.3211 	800 	116 	0.25
6063 	6063 	AlMgSi0,5 	3.3206 	800 	116 	0.25
6070 	6070 			800 	116 	0.25
60SPb20 				4700 	682 	0.25
610 				2150 	312 	0.20
611 				2150 	312 	0.20
6150 	6150 	50CrV4 	1.8159 	1775 	257 	0.24
6151 	6151 			800 	116 	0.25
6262 	6262 			800 	116 	0.25
6351 	6351 	AlMgSi1 	3.2315 	800 	116 	0.25
6463 	6463 	EAlMgSi0,5 	3.3207 	800 	116 	0.25
6F3 	6F3 	56NiCrMoV7 	1.2714 	2450 	355 	0.23
6F5 	6F5 	55NiCr10 	1.2718 	2450 	355 	0.23
7001 	7001 			800 	116 	0.25
7003 	7003 			800 	116 	0.25
7020 	7020 	AlZn4,5Mg1 	3.4335 	800 	116 	0.25
7022 	7022 	AlZnMgCu0,5 	3.4345 	800 	116 	0.25
7050 	7050 			800 	116 	0.25
7075 	7075 	AlZnMgCu1,5 	3.4365 	800 	116 	0.25
70SPb20 				4700 	682 	0.25
7175 	7175 			800 	116 	0.25
7178 	7178 			800 	116 	0.25
7475 	7475 			800 	116 	0.25
75CrMoNiW67 		75CrMoNiW67 	1.2762 	2450 	355 	0.23
8017 	8017 			800 	116 	0.25
8024 				750 	109 	0.25
8090 				750 	109 	0.25
8091 				750 	109 	0.25
8093 				750 	109 	0.25
8620 	8620 	21NiCrMo2 	1.6523 	1775 	257 	0.24
8630 	8630 	27CrNiMo2 	1.6545 	1775 	257 	0.24
8740 	8740 	40NiCrMo22 	1.6546 	1775 	257 	0.24
904 L 		X1CrNiMoCu25-20-5 	1.4539 	2150 	312 	0.20
90MCV8 		90MnCrV8 	1.2842 	1775 	257 	0.24
9255 	9254 	55Si7 	1.0904 	1775 	257 	0.24
9262 	9262 	60SiCr7 	1.0961 	1775 	257 	0.24
9310 	9310 	14NiCrMo134 	1.6657 	1775 	257 	0.24
9840 	9840 	36CrNiMo4 	1.6511 	1775 	257 	0.24
A-286 	ASTM 368 	X5NiCrTi2515 	1.4980 	3100 	450 	0.24
A100 				4700 	682 	0.25
A105 	A105 	C22-8 		1775 	257 	0.24
A106GB 		P235GH 		1775 	257 	0.24
A128.75 	A12875 	GX120Mn12 	1.3401 	2450 	355 	0.23
A182 	ASTMA182F22 	10CrMo910 	1.7380 	1775 	257 	0.24
A182 	ASTMA182F11-F12 	13CrMo44 	1.7335 	1775 	257 	0.24
A2 	A2 	X100CrMoV51 	1.2363 	2450 	355 	0.23
A2 (Hardenned) 	A2 	X100CrMoV5 1 	1.2363 	4700 	682 	0.25
A204Gr.A 	ASTMA204Gr.A 	15Mo3 	1.5415 	1775 	257 	0.24
A234WPB 				1775 	257 	0.24
A234WPL6 				1775 	257 	0.24
A27 65.35 	A27 65.35 	GS.45 	1.0443 	1350 	196 	0.21
A33 		Fe310.0 (St33) 	1.0035 	1350 	196 	0.21
A333G6 		P265GH 		1775 	257 	0.24
A34-2 		Ust34-2 	1.0028 	1350 	196 	0.21
A34-2NE 		RSt34-2 	1.0034 	1350 	196 	0.21
A350LF2 				1775 	257 	0.24
A350LF5 	ASTMA350LF5 	14Ni6 	1.5622 	1775 	257 	0.24
A355A 	A335A 		1.4545 	2450 	355 	0.23
A515.65 	A515 65 	H I 	1.0345 	1350 	196 	0.21
A516 	A516Gr.70 	17Mn4/ A515Gr.70/ A414Gr.F 	1.0481 	1500 	218 	0.22
A516G60 		P265GH 		1500 	218 	0.22
A516G70 		P295GH 		1500 	218 	0.22
A537 	A537Cl.1/ A414Gr.G/A612 	19Mn6 	1.0473 	1500 	218 	0.22
A570 	A570Gr.50/ A572Gr.50 	Fe490-2 (St50-2) 	1.0050 	1500 	218 	0.22
A570 	A570Gr.33,36 	Fe360B (Ust37-2) 	1.0036 	1500 	218 	0.22
A570 	A570Gr.40 	Fe430B (St44-2) 	1.0044 	1500 	218 	0.22
A570.36 	A570 36 	RSt37.2 	1.0038 	1350 	196 	0.21
A572 	A572Gr.65 	Fe590-2 (St60-2) 	1.0060 	1500 	218 	0.22
A572.60 				1500 	218 	0.22
A573 	A573Gr.70/ A611Gr.D 	Fe430D1 (St44-3) 	1.0144 	1350 	196 	0.21
A573.81.65 	A573.81 65 	St37.3 	1.0116 	1775 	257 	0.24
A6 	A6 			2450 	355 	0.23
A619 	A619(1008) 	RRSt3 	1.0347 	2450 	355 	0.23
A633 	A633Gr.C 	StE355 	1.0562 	1350 	196 	0.21
A7 	A7 			2450 	355 	0.23
A70-2 		Fe690-2 (St70-2) 	1.0070 	1500 	218 	0.22
A738 	A738 	Fe510D2 (Ast52) 	1.0577 	1500 	218 	0.22
Aermet 100 	AMS 6532 			1875 	272 	0.21
Aermet 310 				1875 	272 	0.21
Aermet 340 				1875 	272 	0.21
AL 29-4C 				2150 	312 	0.20
AL 4750 	ASTM B753 			3300 	479 	0.24
AL-6XN 				2150 	312 	0.20
AL-6XN Plus 				2150 	312 	0.20
Allcorr 				3300 	479 	0.24
AM 350 				2150 	312 	0.20
Armco 18 				2600 	377 	0.24
Armco 20-45-5 				3300 	479 	0.24
AS7G 		AlSi7Mg 		800 	116 	0.25
Astroloy 				3300 	479 	0.24
B-148-52 	B-148-52 	G-CuAl10Ni 	2.0975 	700 	102 	0.27
B163 	B163 	X10NiCrAlTi32-20 	1.4876 	2150 	312 	0.20
Bioline 4C27A 	420F MOD 	X 22 CrMoNiS 13 1 		2150 	312 	0.20
C18200 	C18200 	CuCrZr 	2.1293 	700 	102 	0.27
C2300 	C2300 	G-CuPb15Sn 	2.1182 	700 	102 	0.27
C25 	1025 	C25 	1.0406 	1500 	218 	0.22
C27200 	C27200 	CuZn37 	2.0321 	700 	102 	0.27
C36000 	C36000 	CuZn36Pb3 	2.0375 	700 	102 	0.27
C63000 	C63000 	CuAl10Ni5Fe4 	2.0966 	700 	102 	0.27
C81500 	C81500 	G-CuCrF35 	2.1292 	700 	102 	0.27
C83600 	C83600 	G-CuSn5ZnPb 	2.1096 	700 	102 	0.27
C83600 	C83600 	G-CuSn2ZnPb 	2.1098 	700 	102 	0.27
C86200 	C86200 	G-CuZn34Al2 	2.0596 	700 	102 	0.27
C86500 	C86500 	G-CuZn35Al1 	2.0592 	700 	102 	0.27
C90700 	C90700 	G-CuSn10 	2.1050 	700 	102 	0.27
C90800 	C90800 	G-CuSn12 	2.1052 	700 	102 	0.27
C93200 	C93200 	G-CuSn75Pb 	2.1090 	700 	102 	0.27
CF-8 	CF-8 	X6CrNi18-9 	1.4308 	2150 	312 	0.20
CF-8M 	CF-8M 	X6CrNiMo18-10 	1.4408 	2150 	312 	0.20
Custom 465 	AMS 5936 			2150 	312 	0.20
CuZn15 		CuZn15 	2.0240 	700 	102 	0.27
D2 	D2 	X165CrMoV12 	1.2601 	2450 	355 	0.23
D3 	D3 	X210Cr12 	1.2080 	2450 	355 	0.23
D4(D6) 	D4(D6) 	X210CrW12 	1.2436 	2450 	355 	0.23
Datalloy 2 				2150 	312 	0.20
Discaloy 16 	5725 			3100 	450 	0.24
Discaloy 24 	ASTM A638 			3100 	450 	0.24
Duplex 1803 (F51) 	ASTM A182 Grade F51 			2150 	312 	0.20
Duplex 2003 				2150 	312 	0.20
Duplex 2102 				2150 	312 	0.20
Duplex 2205 (F60 / F51) 	ASTM A182 Grade F60 	X2CrNiMoN22-5-3 	1.4462 	2150 	312 	0.20
Duplex 2304 (F68) 	ASTM A182 Grade F68 	X2CrNiN23-4 	1.4362 	2150 	312 	0.20
Duplex 255 				2150 	312 	0.20
Duplex 2550 (F61) 	ASTM A182 Grade F61 	X2CrNiMoN25-6-3 	1.4507 	2150 	312 	0.20
Duplex 2760 (F55) 	ASTM A182 Grade F55 	X2CrNiMoCuWN25-7-4 	1.4501 	2150 	312 	0.20
Duplex LDX2101 				2150 	312 	0.20
Duraloy 22H 				3300 	479 	0.24
Duraloy Super 22H 				3300 	479 	0.24
Durimphy 		X2NiCoMoTi180905 		4600 	667 	0.25
E-Brite Alloy 	ASTM B625 			2150 	312 	0.20
E-Cu57 		E-Cu57 	2.0060 	700 	102 	0.27
EV8 	EV8 	X53CrMnNiN21-9 	1.4871 	2150 	312 	0.20
F 1537 	ASTM F1537 			3300 	479 	0.24
Ferrium® S53® 				4600 	667 	0.25
FV535 				2450 	355 	0.23
FV607 				2150 	312 	0.20
G-CuZn40Fe 		G-CuZn40Fe 	2.0590 	700 	102 	0.27
GG10 	A48-20B 	GG10 	0.6010 	1150 	167 	0.20
GG15 	A48-25B 	GG15 	0.6015 	1150 	167 	0.20
GG20 	A48-30B 	GG20 	0.6020 	1150 	167 	0.20
GG25 	A48-35B 	GG25 	0.6025 	1350 	196 	0.28
GG30 	A48-45B 	GG30 	0.6030 	1350 	196 	0.28
GG35 	A48-50B 	GG35 	0.6035 	1350 	196 	0.28
GG40 	A48-55B 	GG40 	0.6040 	1350 	196 	0.28
GGG--40Mo0.5 	65-45-12 	GGG-50 	0.7050 	1225 	178 	0.25
GGG-35.3 		GGG-35.3 	0.7033 	1225 	178 	0.25
GGG-40 	60-40-18 	GGG-40 	0.7040 	1225 	178 	0.25
GGG-50 				1350 	196 	0.28
GGG-60 	80-55-06 	GGG-60 	0.7060 	1350 	196 	0.28
GGG-70 	100-70-03 	GGG-70 	0.7070 	1350 	196 	0.28
GGG-80 	120-90-02 	GGG-80 	0.7080 	1350 	196 	0.28
GGG-Ni22 	A 439 Type D-2C 	GGG-Ni22 	0.7670 	1225 	178 	0.25
GGG-Ni35 	A 439 Type D-5 	GGG-Ni35 	0.7683 	1225 	178 	0.25
GGG-NiCr20.3 	A 439 Type D-2B 	GGG-NiCr20.3 	0.7661 	1350 	196 	0.28
GGG-NiCr202 	A 439 Type D-2 	GGG-NiCr20.2 	0.7660 	1225 	178 	0.25
GGG-NiCr30.1 	A 439 Type D-3A 	GGG-NiCr30.1 	0.7677 	1350 	196 	0.28
GGG-NiCr303 	A 439 Type D-3 	GGG-NiCr30.3 	0.7676 	1225 	178 	0.25
GGG-NiCr353 	A 439 Type D-5B 	GGG-NiCr35.3 	0.7685 	1225 	178 	0.25
GGG-NiCrNb20.2 		GGG-NiCrNb20.2 	0.7659 	1350 	196 	0.28
GGG-NiMn13.7 		GGG-NiMn13.7 	0.7652 	1350 	196 	0.28
GGG-NiMn234 	A 571 Type D-2M 	GGG-NiMn23.4 	0.7673 	1225 	178 	0.25
GGG-NiSi3055 	A 439 Type D-4 	GGG-NiSiCr30.5.5 	0.7680 	1350 	196 	0.28
GGG-NiSiCr20.5.2 		GGG-NiSiCr20.5.2 	0.7665 	1350 	196 	0.28
GGG-NiSiCr30.5.2 		GGG-NiSiCr30.5.2 	0.7679 	1350 	196 	0.28
GGG-NiSiCr35.5.2 		GGG-NiSiCr35.5.2 	0.7688 	1350 	196 	0.28
GGG120B 				4600 	667 	0.25
GGG140B 				4600 	667 	0.25
GGG80B 				4600 	667 	0.25
GGG90B 				4600 	667 	0.25
GMR 235 	AlSl 686 			3300 	479 	0.24
GMR 235-D 		NiCr16MoAl 		3300 	479 	0.24
Greek Ascoloy - 418 	5508 			3100 	450 	0.24
GTS-35-10 	32510 	GTS-35-10 	0.8135 	1225 	178 	0.25
GTS-45-06 		GTS-45-06 		1225 	178 	0.25
GTS-55-04 				1420 	206 	0.30
GTS-65-02 	70003 	GTS-65-02 	0.8165 	1420 	206 	0.30
GTS-70-02 	A220-80002 	GTS-70-02 	0.8170 	1420 	206 	0.30
GTW-35-04 		GTW-35-04 	0.8035 	1225 	178 	0.25
GTW-40-05 		GTW-40-05 	0.8040 	1225 	178 	0.25
GTW-45-07 		GTW-45-07 	0.8045 	1225 	178 	0.25
H10 				4600 	667 	0.25
H10 	H10 	X32CrMoV33 	1.2365 	2450 	355 	0.23
H10A 	H10A 	X32CrMoCoV33.3 	1.2885 	2450 	355 	0.23
H11 	H11 	X38CrMoV51 	1.2343 	2450 	355 	0.23
H11 				4600 	667 	0.25
H12 				4600 	667 	0.25
H13 	H13 	X40CrMoV51 	1.2344 	2450 	355 	0.23
H19 				4600 	667 	0.25
H21 	H21 	X30WCrV93 	1.2581 	2450 	355 	0.23
H21 				4600 	667 	0.25
H46 				2150 	312 	0.20
Hardox 450 				4600 	667 	0.25
Hardox 500 				4600 	667 	0.25
Hardox 550 				4700 	682 	0.25
Hardox 600 				4700 	682 	0.25
Hardox400 				2450 	355 	0.23
HardoxHiTuf 				2450 	355 	0.23
Hastelloy B 	5396A 	S.NiMo30 	2.48 	3300 	479 	0.24
Hastelloy B-2 				3300 	479 	0.24
Hastelloy C-22 				3300 	479 	0.24
Hastelloy C-276 		G-NiMo30 	2.4819 	3300 	479 	0.24
Hastelloy C-4 				3300 	479 	0.24
Hastelloy G 				3300 	479 	0.24
Hastelloy G-3 			2.4619 	3300 	479 	0.24
Hastelloy N 				3300 	479 	0.24
Hastelloy R235 				3300 	479 	0.24
Hastelloy S 				3300 	479 	0.24
Hastelloy W 				3300 	479 	0.24
Hastelloy X 	5536 	NiCr22FeMo 	2.4603 	3300 	479 	0.24
Haynes 188 	5772 			3300 	479 	0.24
Haynes 25 	5759 	LW2.4964 		3300 	479 	0.24
Haynes 263 				3300 	479 	0.24
Haynes 556 	5768 	X12CrCoNi2120 		3300 	479 	0.24
Haynes 600 	5540 	NiCr15Fe 	2.4816 	3300 	479 	0.24
Haynes 601 	5715 		2.4851 	3300 	479 	0.24
Haynes 625 	ASME SB443 	NiCr22Mo9Nb 	2.4856 	3300 	479 	0.24
Haynes 690 		NiCr29Fe 	2.4642 	3300 	479 	0.24
Haynes 75 				3300 	479 	0.24
Haynes X-750 	5542 		2.4669 	3300 	479 	0.24
HNV3 	HNV3 	X45CrSi9-3 	1.4718 	1875 	272 	0.21
HS 21 	ASTM F-75 	CoCr28Mo 		3300 	479 	0.24
HS 25 	AlSl 670 	CoCr20W15Ni 		3300 	479 	0.24
HS 30 	5380 	CoCr26Ni14Mo 		3300 	479 	0.24
HS 31 	ASTM A567 	CoCr25NiW 		3300 	479 	0.24
HS 36 		CoCr19W14NiB 		3300 	479 	0.24
HW3 	HW3 	X45GrSi93 	1.4718 	2450 	355 	0.23
Hyper Duplex 2707 (A276) 	A276 	X2CrNiMoCoN28-8-5-1 	1.4658 	2150 	312 	0.20
IN100 	5397 	NiCo15Cr10MoAlTi 	2.4674 	3300 	479 	0.24
Incoloy 020 	ASTM B463 		2.4660 	2600 	377 	0.24
Incoloy 800 	ASME SB409 	X10NiCrAlTi3220 		2600 	377 	0.24
Incoloy 801 	5552 	G.X50CrNi3030 	1.4868 	2600 	377 	0.24
Incoloy 802 				2600 	377 	0.24
Incoloy 803 				2600 	377 	0.24
Incoloy 804 				3300 	479 	0.24
Incoloy 825 	ASME SB163 	NiCr21Mo 	2.4858 	3300 	479 	0.24
Incoloy 901 	5660 	NiFe35Cr14MoTi 	2.4662 	3300 	479 	0.24
Incoloy 903 		NiFe42K15Nb 		3300 	479 	0.24
Incoloy 925 				3300 	479 	0.24
Incoloy DS 		X12NiCrSi3616 		2600 	377 	0.24
Inconel 050 				3300 	479 	0.24
Inconel 182 				3300 	479 	0.24
Inconel 22 	ASME SB575 			3300 	479 	0.24
Inconel 230 				3300 	479 	0.24
Inconel 600 	5540 	NiCr15Fe 	2.4640 	3300 	479 	0.24
Inconel 600SP 				3300 	479 	0.24
Inconel 601 	5715 		2.4851 	3300 	479 	0.24
Inconel 601GC 				3300 	479 	0.24
Inconel 603XL 				3300 	479 	0.24
Inconel 604 				3300 	479 	0.24
Inconel 606 				3300 	479 	0.24
Inconel 613 				3300 	479 	0.24
Inconel 617 		NiCr23Co12Mo 	2.4663 	3300 	479 	0.24
Inconel 62 				3300 	479 	0.24
Inconel 622 			2.4602 	3300 	479 	0.24
Inconel 625 	ASME SB443.4 	NiCr22Mo9Nb 	2.4856 	3300 	479 	0.24
Inconel 625LCF 				3300 	479 	0.24
Inconel 657 				3300 	479 	0.24
Inconel 671 				3300 	479 	0.24
Inconel 672 				3300 	479 	0.24
Inconel 686 				3300 	479 	0.24
Inconel 690 			2.4642 	3300 	479 	0.24
Inconel 691 				3300 	479 	0.24
Inconel 693 				3300 	479 	0.24
Inconel 702 	5550 			3300 	479 	0.24
Inconel 706 	AMS 5702 			3300 	479 	0.24
Inconel 718 	5383 	NiCr19Fe19NbMo 	2.4668 	3300 	479 	0.24
Inconel 718 DA 				3300 	479 	0.24
Inconel 718 OP 				3300 	479 	0.24
Inconel 718 Plus 				3300 	479 	0.24
Inconel 720 				3300 	479 	0.24
Inconel 721 				3300 	479 	0.24
Inconel 722 	5541 	NiCr16FeTi 		3300 	479 	0.24
Inconel 725 				3300 	479 	0.24
Inconel 725HS 				3300 	479 	0.24
Inconel 738 				3300 	479 	0.24
Inconel 740 				3300 	479 	0.24
Inconel 783 				3300 	479 	0.24
Inconel 800 				2600 	377 	0.24
Inconel 800H 				2600 	377 	0.24
Inconel 82 				3300 	479 	0.24
Inconel 939 				3300 	479 	0.24
Inconel C-276 				3300 	479 	0.24
Inconel G 				3300 	479 	0.24
Inconel G-3 				3300 	479 	0.24
Inconel HX 		NiCr22Fe18Mo 		3300 	479 	0.24
Inconel MA 6000 				3300 	479 	0.24
Inconel MA754 				3300 	479 	0.24
Inconel MA758 				3300 	479 	0.24
Inconel X-750 	5542 	NiCr16FeTi 	2.4669 	3300 	479 	0.24
Inconel X-751 				3300 	479 	0.24
Invar 36 	ASTM F1684 			2600 	377 	0.24
Invar 42 	ASTM F30 			2600 	377 	0.24
Jessop G81 		NiCr20Co18Ti 		3300 	479 	0.24
Jetalloy 209 				3300 	479 	0.24
Jethete M152 	5718.9 	X12CrNiMoV12-3 	1.4939 	2150 	312 	0.20
Jethete M448 				2150 	312 	0.20
Jethete X19 		X19CrMoNbVN11-1 		2150 	312 	0.20
Jethete X20 		X21CrMoV12-1 	1.4923 	2150 	312 	0.20
K12 				4600 	667 	0.25
K12 (HT) 				4700 	682 	0.25
L 251 				3300 	479 	0.24
L 605 	5759 	CoCr20W15Ni 	2.4964 	3300 	479 	0.24
L1 	L1 			2450 	355 	0.23
L3 	L3 	100Cr6 	1.2067 	2450 	355 	0.23
L6 				4700 	682 	0.25
L6 	L6 	55NiCrMoV6 	1.2713 	2450 	355 	0.23
M 203 				3300 	479 	0.24
M 204 				3300 	479 	0.24
M 205 				3300 	479 	0.24
M-252 	5551 	G-NiCr19Co 		3300 	479 	0.24
M2 	M2 	HS-6-5-2C 	1.3343 	2450 	355 	0.23
M3 	M3 			2450 	355 	0.23
M35 	M35 	S6/5/2/5 	1.3243 	2450 	355 	0.23
M7 				2450 	355 	0.23
MAR-M 247 				3300 	479 	0.24
MAR-M 302 		CoCrW10TaZrB 		3300 	479 	0.24
MAR-M 322 		CoCr22W9TaZrNb 		3300 	479 	0.24
MAR-M 509 		CoCr24Ni10WTaZrB 		3300 	479 	0.24
MAR-M 905 				3300 	479 	0.24
MAR-M 918 		CoCr20Ni20Ta 		3300 	479 	0.24
Maraging C200 				4600 	667 	0.25
Maraging C250 	6501, 6512, 6520 			4600 	667 	0.25
Maraging C300 	6514 			4600 	667 	0.25
Maraging C350 				4600 	667 	0.25
Maraging T200 				4600 	667 	0.25
Maraging T250 	6518, 6519, 6591 			4600 	667 	0.25
Maraging T300 				4600 	667 	0.25
Marval 18 				3100 	450 	0.24
Marval X12 				3100 	450 	0.24
Mh97+Pb 				4700 	682 	0.25
Monel 400 	4544 	NiCu30Fe 	2.4360 	3300 	479 	0.24
Monel K500 	4676 	NiCu30Al 	2.4375 	3300 	479 	0.24
Monel R405 	4674 			3300 	479 	0.24
MP159 				3300 	479 	0.24
MP35N 				3300 	479 	0.24
Multimet N-155 	5768 		1.4971 	3300 	479 	0.24
Multimet N-156 				3300 	479 	0.24
Nickel 200 Alloy 	ASME SB-160 - SB-163 	17750-17754 		3300 	479 	0.24
Nickel 201 Alloy 	AMS 5553 	17740 		3300 	479 	0.24
Nimocast 713 	5391A 	G.NiCr13Al16MoNb 		3300 	479 	0.24
Nimocast 80 				3300 	479 	0.24
Nimocast 90 				3300 	479 	0.24
Nimocast PD16 		NiFe33Cr17Mo 		3300 	479 	0.24
Nimocast PE10 				3300 	479 	0.24
Nimocast PK24 				3300 	479 	0.24
Nimonic 101 				3300 	479 	0.24
Nimonic 105 		NiCo20Cr15MoAlTi 	2.4634 	3300 	479 	0.24
Nimonic 115 		NiCo15Cr15MoAlTi 	2.4636 	3300 	479 	0.24
Nimonic 75 		NiCr20Ti 	2.4630 	3300 	479 	0.24
Nimonic 80A 		NiCr20TiAl 	2.4631 	3300 	479 	0.24
Nimonic 86 				3300 	479 	0.24
Nimonic 90 		NiCr20Co18Ti 	2.4632 	3300 	479 	0.24
Nimonic 901 	5660, 5661 	NiCr15MoTi 	2.4662 	3300 	479 	0.24
Nimonic 91 				3300 	479 	0.24
Nimonic 95 				3300 	479 	0.24
Nimonic C22 	ASME SB575 			3300 	479 	0.24
Nimonic C263 		NiCr20CoMoTi 	2.4650 	3300 	479 	0.24
Nimonic C276 	ASME SB575 		2.4819 	3300 	479 	0.24
Nimonic PE13 	5536E 	NiCr22Fe18Mo 		3300 	479 	0.24
Nimonic PE16 		NiFe33Cr17Mo 		3300 	479 	0.24
Nimonic PK25 	5751A 	NiCr18CoMo 	2.4666 	3300 	479 	0.24
Nimonic PK31 				3300 	479 	0.24
Nimonic PK33 		NiCr20Co16MoTi 		3300 	479 	0.24
Nitronic 50 				2150 	312 	0.20
Nitronic 60 				2150 	312 	0.20
O1 	O1 	100MnCrW4 	1.2510 	2450 	355 	0.23
P2 	P2 	21MnCr5 	1.2162 	2450 	355 	0.23
P20 	P20 	40CrMnMo7 	1.2311 	2450 	355 	0.23
P20+S 	P20+S 	40CrMnMoS86 	1.2312 	2450 	355 	0.23
P21 	P21 	X19NiCrMo4 	1.2764 	2450 	355 	0.23
P4 	P4 	X6CrMo4 	1.2341 	2450 	355 	0.23
R-235 	AISI 686 			3300 	479 	0.24
RA 330 	5592, 5716 			2600 	377 	0.24
Refractaloy 26 	AlSl 690 			3300 	479 	0.24
René 100 		NiCo15Cr10MoAlTi 	2.4674 	3300 	479 	0.24
René 104 				3300 	479 	0.24
René 125 				3300 	479 	0.24
René 41 	5712, 5713 	NiCr19Co11MoTi 	2.4973 	3300 	479 	0.24
René 63 				3300 	479 	0.24
René 77 				3300 	479 	0.24
René 80 				3300 	479 	0.24
René 95 				3300 	479 	0.24
REX 734 	ASTM F1586 			2150 	312 	0.20
S 590 	5533 	X40CoCrNi2020 		3300 	479 	0.24
S 816 	5534 	CoCr20Ni20W 	2.4979 	3300 	479 	0.24
S1 	S1 	45WCrV7 	1.2542 	2450 	355 	0.23
S240 				2150 	312 	0.20
S4 	S4 	60MnSiCr4 	1.2826 	2450 	355 	0.23
S7 	S7 			2450 	355 	0.23
Sanicro 30 		X2NiCrAlTi3220 		3300 	479 	0.24
Staballoy AG17 				2150 	312 	0.20
Staybrite® 4435NCu 		X2CrNi18-13-3 		2150 	312 	0.20
Stellite 1 				3300 	479 	0.24
Stellite 100 				3300 	479 	0.24
Stellite 12 				3300 	479 	0.24
Stellite 151 				3300 	479 	0.24
Stellite 188 				3300 	479 	0.24
Stellite 19 				3300 	479 	0.24
Stellite 20 				3300 	479 	0.24
Stellite 21 				3300 	479 	0.24
Stellite 23 				3300 	479 	0.24
Stellite 25 (L605) 	5759 	CoCr20W15Ni 	2.4964 	3300 	479 	0.24
Stellite 3 				3300 	479 	0.24
Stellite 30 				3300 	479 	0.24
Stellite 31 (X40) 	ASTM A567 	CoCr25NiW 		3300 	479 	0.24
Stellite 4 				3300 	479 	0.24
Stellite 45 				3300 	479 	0.24
Stellite 6 				3300 	479 	0.24
Stellite 7 				3300 	479 	0.24
Stellite 8 (F75) 				3300 	479 	0.24
Stelloy HS27 		NiCo32Cr26Mo 		3300 	479 	0.24
Super duplex 2507 		X2CrNiMoCuN25-6-3 		2150 	312 	0.20
Super Duplex 4565 				2150 	312 	0.20
Super Invar 32-5 				2600 	377 	0.24
T1 	T1 	S18.0.1 	1.3355 	2450 	355 	0.23
T4 	T4 	S18.1.2.5 	1.3255 	2450 	355 	0.23
Ti-10.2.3 				2110 	306 	0.22
Ti-11.5Mo-6Zr-4.5Sn 				2110 	306 	0.22
Ti-12Mo-6Zr-2Fe (TMZF) 				2110 	306 	0.22
Ti-13Nb-13Zr 				2110 	306 	0.22
Ti-13V-11Cr-3Al 	4917 	TiV13Cr11Al3 		2110 	306 	0.22
Ti-15-333 				2110 	306 	0.22
Ti-15Mo (Alpha + Beta) 				2110 	306 	0.22
Ti-15Mo (Beta) 				2110 	306 	0.22
Ti-15Mo-3Nb-3Al-0.2Si 	ASTM Grade 21 			2110 	306 	0.22
Ti-3Al-2.5V 	4943, 4944 			2110 	306 	0.22
Ti-3Al-8V-6Cr-4Mo-4Zr 				2110 	306 	0.22
Ti-425 				2110 	306 	0.22
Ti-425 MIL 				2110 	306 	0.22
Ti-45Nb 				2110 	306 	0.22
Ti-48Al-2Cr-2Nb 				2110 	306 	0.22
Ti-4Al-4Mo-2Sn-0.5Si 		TiAl4Mo4Sn2Si0.5 		2110 	306 	0.22
Ti-4Al-4Mo-4Sn-0.5Si 		TiAl4Mo4Sn4Si0.5 		2110 	306 	0.22
Ti-5Al-2.5Fe (Tikrutan) 				2110 	306 	0.22
Ti-5Al-2.5Sn 	ASTM B 265 	TiAl5Sn2 	3.7115 	3300 	479 	0.24
Ti-5Al-2Sn-2Zr-4Cr-4Mo 	4995 	Ti5Al2Sn2Zr4Cr4Mo 		2110 	306 	0.22
Ti-5Al-5Mo-5V-1Cr-1Fe 				2110 	306 	0.22
Ti-5Al-5V-5Mo-3Cr 				2110 	306 	0.22
Ti-6-2-4-6 	4981 			2110 	306 	0.22
Ti-6-7 				2110 	306 	0.22
Ti-6Al-2Sn-2Zr-2Mn-2Cr-0.2Si 				2110 	306 	0.22
Ti-6Al-4V (Grade 5) 	4906, 4920, 4928, 	TiAl6V4 		2110 	306 	0.22
Ti-6Al-4V ELI 	4907, 4930, 4931 			2110 	306 	0.22
Ti-6Al-4V MIL 	4906, 4920, 4928, 	TiAl6V4 		2110 	306 	0.22
Ti-6Al-4V MIL (HT) 	4906, 4920, 4928, 	TiAl6V4 		2110 	306 	0.22
Ti-6Al-4Zr-2Mo-2Sn 				2110 	306 	0.22
Ti-6Al-4Zr-2Mo-2Sn-0.2Si 	4919, 4975, 4976 	TiAl6Zr4Mo2Sn2 		2110 	306 	0.22
Ti-6Al-5Zr-0.5Mo-0.25Si 		TiA6Zr5Mo0.5Si0.25 		2110 	306 	0.22
Ti-6Al-5Zr-4Mo-Cu-0.2Si 		TiAl6Zr5Mo4CuSi0.2 		2110 	306 	0.22
Ti-6Al-6V-2Sn 	4971 	TiAl16V6Sn2 		2110 	306 	0.22
Ti-6Al-7Nb 		TiAl7Nb 		2110 	306 	0.22
Ti-7Al-4Mo 	ASTM B381 	TiAl7Mo4 		2110 	306 	0.22
Ti-8Al-1Mo-1V 	4915, 4933, 4972 	TiAl8Mo1V1 		2110 	306 	0.22
Ti-8Mo-8V-2Fe-3Al 				2110 	306 	0.22
Ti-99.5 (Grade 1) 	Grade 1 B381F4 	Ti-99.5 		1700 	247 	0.23
Ti-99.6 (Grade 2) 	Grade 2 B381F3 	Ti-99.6 		1700 	247 	0.23
Ti-99.7 (Grade 3) 	Grade 3 B381F2 	Ti-99.7 		1700 	247 	0.23
Ti-99.8 (grade 4) 	Grade 4 B381F1 	Ti-99.8 		1700 	247 	0.23
TRW VIA 		NiTa9Co8W6CrAl 		3300 	479 	0.24
Udimet 500 	AlSl 684 	NiCr18CoMoAlTi 	2.4983 	3300 	479 	0.24
Udimet 520 				3300 	479 	0.24
Udimet 630 		NiCr19NbMo 		3300 	479 	0.24
Udimet 700 	AlSl 687 	NiCo15Cr15MoAlTi 	2.4636 	3300 	479 	0.24
Udimet 710 				3300 	479 	0.24
Udimet 718 	5383 	NiCr19Fe19NbMo 	2.4668 	3300 	479 	0.24
Udimet 720 				3300 	479 	0.24
Udimet B-250 				3100 	450 	0.24
Udimet B-300 				3100 	450 	0.24
Uranus 35N 		X2CrNiN23-4 		2150 	312 	0.20
Uranus 45N22CrMo 		X2CrNiMoN22-5-3 		2150 	312 	0.20
Uranus 52N+ 		X2CrNiMoCuN25-6-3 		2150 	312 	0.20
Uranus 65 		X1CrNi25-21 		2150 	312 	0.20
Uranus B25 6Mo 		X1NiCrMoCuN20-18-7 		2150 	312 	0.20
Uranus B26 6Mo 		X1NiCrMoCuN25-20-7 		2150 	312 	0.20
Uranus B28 		X1NiCrMoCu31-27-4 		2150 	312 	0.20
Uranus B6 		X1NiCrMoCuN25-20-5 	1.4539 	2150 	312 	0.20
Uranus B66 		X1NiCrMoCu22-24-6 		2150 	312 	0.20
Uranus S1 4%Si 		X1CrNiSi18-15-4 		2150 	312 	0.20
V-36 		CoCr25Ni20MoWNb 		3300 	479 	0.24
W-545 	AlSl:665 			3100 	450 	0.24
W110 				1775 	257 	0.24
W112 	W112 	C125W 	1.1663 	1700 	247 	0.24
W210 	W210 	100V1 	1.2833 	1775 	257 	0.24
Waspaloy® 	5544 	NiCr20Co14MoTi 	2.4654 	3300 	479 	0.24
WI-52 		CoCr21Mo11W 		3300 	479 	0.24
X 40 	ASTM A567 	CoCr25NiW 		3300 	479 	0.24
X 45 				3300 	479 	0.24
X 50 				3300 	479 	0.24
X 63 				3300 	479 	0.24
X10CrAl18 		X10CrAl18 	1.4742 	1875 	272 	0.21
X12CrNiMoS18-11 		X12CrNiMoS18-11 	1.4427 	1875 	272 	0.21
X12CrNiWTi16-3 		X12CrNiWTi16-3 		1875 	272 	0.21
X17CrNi16-02 		X17CrNi16-02 	1.4057 	1875 	272 	0.21
X20CrNi17-2 		X20CrNi17-2 		1875 	272 	0.21
X20CrNiMo22-5-3 		X20CrNiMo22-5-3 		1875 	272 	0.21
X22CrMoV12.1 	ASTM A437-76 Grade B4B 	X22CrMoV12-1 = ST12T 		1875 	272 	0.21
X2CrNiMo18-15-3 		X2CrNiMo18-15-3 		1875 	272 	0.21
X30Cr13 		X30Cr13 		1875 	272 	0.21
X30CrMoN15-1 		X30CrMoN15-1 	1.4028 	1875 	272 	0.21
X3CrNiCuTiNb12-9 		X3CrNiCuTiNb12-9 		1875 	272 	0.21
X40CrMoVN16-2 	ASTM F899 	X40CrMoVN16-2 	1.4123 	2150 	312 	0.20
X40CrNiSi25-20 		X40CrNiSi25-20 	1.4848 	2150 	312 	0.20
X40CrSiMo10-2 		X40CrSiMo10-2 	1.4731 	2150 	312 	0.20
X40NiCrSi38-18 		X40NiCrSi38-18 	1.4865 	2150 	312 	0.20
X45CrNiW18-9 		X45CrNiW18-9 	1.4873 	2150 	312 	0.20
X46CrS13 		X46CrS13 		1875 	272 	0.21
X4CrNiMo16-5-1 		X4CrNiMo16-5-1 	1.4418 	1875 	272 	0.21
X8CrCoNiMo10-6 				2150 	312 	0.20
X8CrMnMoN23-21-1 		X8CrMnMoN23-21-1 		2150 	312 	0.20
X8CrNiSCu18-9 		X8CrNiSCu18-9 		1875 	272 	0.21
X90CrMoV18 		X90CrMoV18 		1875 	272 	0.21
XM19 	ASTM F1314 			2150 	312 	0.20
Z2NKDT18-10-5 		X3NiCoMoTi18.9.5 	1.2709 	2450 	355 	0.23
Z38CDV5 				4700 	682 	0.25
Z38CDV5-3 		X40CrMoV53 	1.2367 	2450 	355 	0.23